{
  "total": 233,
  "accuracy": 0.871244635193133,
  "overall": {
    "precision": 0.841919191919192,
    "recall": 0.7552790346907994,
    "f1": 0.786107711138311
  },
  "true_label": {
    "precision": 0.8838383838383839,
    "recall": 0.9615384615384616,
    "f1": 0.9210526315789475
  },
  "false_label": {
    "precision": 0.8,
    "recall": 0.5490196078431373,
    "f1": 0.6511627906976745
  },
  "confusion_matrix": {
    "tp": 175,
    "tn": 28,
    "fp": 23,
    "fn": 7
  }
}